"id","name","file_path","memo","del_flg","created_at","updated_at","movie_tag_id"
"1","会議の録音.mp4","YVYqzkmu4P0?si=kJRyD1A8FqK5npkG",,"0","2023-04-12",NULL,"1"
"2","打合せ-会議の録音.mp4","X2D1-kiUvjk?si=oyXz5TWrkRji-43M",,"0","2023-05-16","2024-06-17 06:58:23","1"
"3","お打ち合わせ-会議の録音.mp4","RJf1swRa7XM?si=Sav7tm2AmTI6cqd_",,"0","2023-05-25","2024-06-17 06:58:23","1"
"4","お打ち合わせ(進捗会)-会議の録音.mp4","cfqlhC5qhLg?si=0F1-z8zoWTdi3tTc",,"0","2023-06-07","2024-07-29 05:03:14","11"
"5","打合せ(2023_06_07進捗報告)-会議の録音.mp4","cfqlhC5qhLg?si=wmq_hX-aeASFzwgO",,"0","2023-06-07","2024-06-17 06:58:23","1"
"6","打合せ（2023_6_9データ移行)-会議の録音.mp4","Inuotdll718?si=kLOIMM_sidAW51vu",,"0","2023-06-09","2024-06-17 06:58:23","1"
"7","打合せ(6_13進捗)-会議の録音.mp4","1rrXHh6EVb0?si=hMpzJxWbRHe_VgE5",,"0","2023-06-13","2024-06-17 06:58:23","1"
"8","お打ち合わせ(2023_6_14データ移行)-会議の録音.mp4","jwN8fu7_wqs?si=siGnuFb78hbrT-ax",,"0","2023-06-14","2024-06-17 06:58:23","1"
"9","打合せ(進捗会議).mp4","wSvvAVGvW_w?si=iihcrZpEJ8navOyT",,"0","2023-06-20",NULL,"1"
"10","EDI関連設定(6_26)-会議の録音.mp4","IcDOk6dksCY?si=o7TZ-Opkj2mdx_Zy",,"0","2023-06-26","2024-06-17 06:58:23","1"
"11","定例会(2023_06_27)-会議の録音.mp4","DvGR7LLp_yM?si=KYnRUweEYO4v1GMg",,"0","2023-06-27","2024-06-17 06:58:23","1"
"12","アキオカ様進捗打合せ_会議の録音.mp4","nIX3jmkPlyg?si=gaMusqmRFbD0BJGW",,"0","2023-07-06","2024-06-17 05:20:43","1"
"13","アキオカ様進捗打合せ_会議の録音.mp4","_TvR_ktiKcs?si=IaEF4A2s6avFA3nJ",,"0","2023-07-10","2024-06-17 05:20:43","1"
"14","アキオカ様進捗打合せ_会議の録音.mp4","788Mbk3lQ_M?si=UiVtHuBH9XdPWL-0",,"0","2023-07-18","2024-06-17 05:20:43","1"
"15","進捗会議(7_26)-会議の録音.mp4","uY_XiwRMp6Y?si=IbItiN4SbpzZbdRv",,"0","2023-07-26","2024-06-17 06:58:23","1"
"16","打合せ(7_27)-会議の録音.mp4","NpymJz1QTA8?si=PkteSRpfcU1xR3Eb",,"0","2023-07-27","2024-06-17 06:58:23","1"
"17","アキオカ様進捗会(8_1)-会議の録音.mp4","JtcitSkh-oc?si=Q5-37GxMeFkkCkl1",,"0","2023-08-01","2024-06-17 06:58:23","1"
"18","打合せ-会議の録音.mp4","wFNzj1QARfY?si=MH1lU_yIyhUcAoH0",,"0","2023-08-18","2024-06-17 06:58:24","1"
"19","アキオカ様操作説明(生産計画、現品票、支給入力)-会議の録音.mp4","ZlEi_BRGRGQ?si=7XPwsY4UNlMPKJY5",,"0","2023-08-24","2024-06-17 06:58:24","1"
"20","お打ち合わせ-会議の録音.mp4","BaW5dJo7uV0?si=ytFSC1IuD-eCWWZw",,"0","2023-08-31","2024-06-17 06:58:24","1"
"21","③国内製造-会議の録音.mp4","6-QvcbHKuA0?si=FOqyyhXkXLvGZ1lP",,"0","2023-09-04","2024-06-19 08:25:30","1"
"22","海外製造-会議の録音.mp4","MzpW18Wompg?si=_M5giD1Ge0LcZKdM",,"0","2023-09-04","2024-06-19 08:25:30","1"
"23","会議の録音.mp4","6bj_KV2NzIw?si=as6Yads1PDuLAbPY",,"0","2023-09-04","2024-06-19 08:25:30","1"
"24","フィーダ操作説明-会議の録音.mp4","ZBmptqJGCz0?si=tzJgBbvT8aBtjSfo",,"0","2023-09-05","2024-06-19 08:25:30","1"
"25","出荷操作説明-会議の録音.mp4","tz93qycb5bA?si=jsIs09okcqFRs3-0",,"0","2023-09-05","2024-06-19 08:25:30","1"
"26","会議の録音.mp4","jjNVBN62YEI?si=iR_MraSSwiDekD5b",,"0","2023-09-05","2024-06-19 08:25:30","1"
"27","打合せ-会議の録音.mp4","4Us4fCF8v6c?si=mWiM-Ir846B0ifFg",,"0","2023-09-08","2024-06-19 08:25:30","1"
"28","EDIセット関連.mp4","6I3JBUovoPQ?si=CM9-fiPxwGH99m70",,"0","2023-09-14","2024-06-19 08:25:30","1"
"29","16日当日の段取りについて.mp4","QtbiXNA96jU?si=pVQy5eRrVmtdqIw3",,"0","2023-09-14","2024-06-19 08:25:30","1"
"30","マスタデータのセットについて.mp4","Fjj7bGfrmB8?si=2tjMBWyNvQIIZmAX",,"0","2023-09-14","2024-06-19 08:25:30","1"
"31","生産計画①.mp4","zyYE4EPwS3E?si=dNABEK-QwiuDVWJr",,"0","2023-09-15","2024-06-19 08:25:30","1"
"32","生産計画②.mp4","W69SxqOYzeE?si=b_Ky2KxcAhSsLl45",,"0","2023-09-15","2024-06-19 08:25:30","1"
"33","生産計画帳票確認.mp4","aJZXILmebi4?si=nh82Qytb4k-urO-n",,"0","2023-09-15","2024-06-19 08:25:30","1"
"34","現場実績入力①.mp4","TH_hjQ51BCw?si=LRN_OOmR_zOSDx6n",,"0","2023-09-16","2024-06-19 08:25:30","1"
"35","フィーダ関連.mp4","tiqVE1du1so?si=9orqlAsR731cGB-G",,"0","2023-09-21","2024-06-19 08:25:30","1"
"36","海外調達.mp4","PYuXLPEnep4?si=RVEZOSR_wbpk8S6l",,"0","2023-09-21","2024-06-19 08:25:30","1"
"37","購買関連.mp4","evfJtQqYX7Q?si=bbQSfrW7GlpaR2Vd",,"0","2023-09-21","2024-06-19 08:25:30","1"
"38","受注関連.mp4","o5lPlMCAC_0?si=KUI4xXqWlWMEsVaJ",,"0","2023-09-22","2024-06-19 08:25:30","1"
"39","出荷関連.mp4","km9ve6lLDbk?si=1YQYZxBOeNvyLo9R",,"0","2023-09-22","2024-06-19 08:25:30","1"
"40","在庫・棚卸関連.mp4","vgHfWNPrCGM?si=V9KslQYL2hDfmBys",,"0","2023-09-22","2024-06-19 08:25:30","1"
"41","追加機能検証.mp4","iEOBVQLqDVY?si=2rds6aRYL9eLXtnD",,"0","2023-09-22","2024-06-19 08:25:30","1"
"42","マスタ登録①.mp4","c_ApEBFM3J8?si=C91g9kXBX2JNJ15Q",,"0","2023-09-27","2024-06-19 08:25:30","1"
"43","マスタ登録②.mp4","XQS_JV_CB9o?si=jwTu1OXSnhPO0Kuz",,"0","2023-09-27","2024-06-19 08:25:30","1"
"44","現場実績入力②.mp4","0DVyRuLxFiE?si=Nc0hes9ZgpPt5M6b",,"0","2023-09-27","2024-06-19 08:25:30","1"
"45","買掛関連.mp4","MbrEk8B4RVw?si=m7EKKeYmqnstk6hq",,"0","2023-09-28","2024-06-19 08:25:30","1"
"46","売掛関連.mp4","lpjlpVVhNBQ?si=e0sTogTNxQaYxm-G",,"0","2023-09-28","2024-06-19 08:25:30","1"
"47","月次処理.mp4","twjumWckCyQ?si=LfZN6ylTruAxM_qS",,"0","2023-09-28","2024-06-19 08:25:30","1"
"48","本稼働前最終打合せ.mp4","fHfGa4Dhiso?si=HIxU5XuMexmv2qx9",,"0","2023-09-29","2024-06-19 08:25:30","1"
"49","OT要求一覧確認+炉前.mp4","O-Z4zgYMrTw?si=z4lko0drYHrgAhmQ",,"0","2023-09-29","2024-06-19 08:25:30","1"
"50","今後の進め方(事前打ち合わせ).mp4","EnssmUdSmxo?si=jTc01_8DDNMzruNQ",,"0","2023-10-10","2024-06-19 08:25:30","1"
"51","インボイス・請求.mp4","RQvI8YgLLk4?si=0otSqHXHGhgzGZyy",,"0","2023-10-11","2024-06-19 08:25:30","1"
"52","今後の進め方(3社打合せ).mp4","eB4GNnVxD8s?si=c7qehA2XziSjUBmo",,"0","2023-10-17","2024-06-19 08:25:30","1"
"53","業務部QA会.mp4","OM0OR3wd3aI?si=iWoMNcWFXRzonx9I",,"0","2023-10-23","2024-06-19 08:25:30","1"
"54","生産計画QA会.mp4","bIPtrJxT5Os?si=fyfhzRypwEvVBMdY",,"0","2023-11-03","2024-06-19 08:25:30","1"
"55","生産計画QA会(続).mp4","ZZFQ6vD8OkQ?si=jvJNdCcvwVOoaSAd",,"0","2023-11-03","2024-06-19 08:25:30","1"
"56","問い合わせ状況確認①.mp4","Wo7ZwpQ5iP0?si=I7cbJy67FB2UwhGM",,"0","2023-11-08","2024-06-19 08:25:30","1"
"57","定例会.mp4","89RNtud_QnQ?si=c3V0r1c02BVTJJAH",,"0","2023-11-22","2024-06-19 08:25:30","1"
"58","QA・要求回答の事前確認.mp4","R31lOmzIPrA?si=kM__PY9ZkCxl6eMR",,"0","2023-11-28","2024-06-19 08:25:30","1"
"59","定例会(今後の進め方).mp4","PnfwziZYKSc?si=2yHhJaGig5dbKkm1",,"0","2023-11-29","2024-06-19 08:25:30","1"
"60","有償課題の確認.mp4","hgUrYTDOUeQ?si=qH4_jEgzaGJyydGP",,"0","2023-12-01","2024-06-19 08:25:30","1"
"61","マスタ整備の確認.mp4","88SHFVAXlIY?si=OvMhBI_ngq-_R-Pb",,"0","2023-12-11","2024-06-19 08:25:30","1"
"62","課題の確認.mp4","n0KovLoVTg0?si=NemWhAQe2Z3tALQM",,"0","2023-12-12","2024-06-19 08:25:30","1"
"63","IP品データ移行.mp4","3RDS0Fi09Yg?si=eeE35w490UbgQ8Tt",,"0","2023-12-13","2024-06-19 08:25:30","1"
"64","定例会.mp4","axI8cfh3e5M?si=0C-AZ_ZatmYWmk5h",,"0","2023-12-13","2024-06-19 08:25:30","1"
"65","課題対応内容の確認.mp4","u0dQTxEmOyY?si=-i9lcQ4jAIgqpv3q",,"0","2023-12-19","2024-06-19 08:25:30","1"
"66","定例会(スケジュール).mp4","uuTtUghZZYs?si=XhVL9HQNSXedm9F8",,"0","2023-12-20","2024-06-19 08:25:30","1"
"67","移行手順の確認.mp4","9exdOKIpw0g?si=rrYuAoplTvHKTZS7",,"0","2023-12-21","2024-06-19 08:25:30","1"
"68","導入に向けた打合せ.mp4","1dmGwyiaD_0?si=vrcg_xSsH3RZ2c3p",,"0","2023-12-26","2024-06-19 08:25:30","1"
"69","定例会.mp4","P2qIE32_zpM?si=aRLYvP7hcW8TXkXU",,"0","2024-01-10","2024-06-19 08:25:30","1"
"70","定例会.mp4","PiiLltMl2PI?si=lB_fW3J4iS7OB4k4",,"0","2024-01-17","2024-06-19 08:25:30","1"
"71","定例会.mp4","SmJOYe1fIik?si=3-CXZuBm92HVBPSJ",,"0","2024-01-23","2024-06-19 08:25:30","1"
"72","IP品説明会.mp4","k4AWCTM2f3g?si=WBzc6eyLVT-dcKB7",,"0","2024-01-26","2024-06-19 08:25:30","1"
"73","IP品操作説明会.mp4","OwOJV8RPjXU?si=RwPHaL20dvKfmSn0",,"0","2024-01-31","2024-06-19 08:25:30","1"
"74","定例会.mp4","_atHDdRJcXQ?si=PYNkGYFr3QbCMeFZ",,"0","2024-01-31","2024-06-19 08:25:30","1"
"75","定例会.mp4","ldniC6OgtsU?si=1afWw2ArXw2IbbPo",,"0","2024-02-08","2024-06-19 08:25:30","1"
"76","定例会.mp4","xci8rnCAucM?si=JaDrIiXGBW_8GphE",,"0","2024-02-20","2024-06-19 08:25:30","1"
"77","プリンタと入港取込.mp4","DG9M2q2nq2o?si=dML9f7aeBgIg46MS",,"0","2024-02-28","2024-06-19 08:25:30","1"
"78","定例会.mp4","1bqkAOTJvOo?si=FQmBM6Ry9nBGQE3h",,"0","2024-02-28","2024-06-19 08:25:30","1"
"79","定例会.mp4","v43J98WPN-g?si=GS8fuF_6_HkuZ0ps",,"0","2024-03-07","2024-06-19 08:25:30","1"
"80","課題優先決め.mp4","T-JYZvhy2aA?si=ndEKNf0OblftlEmv",,"0","2024-03-08","2024-06-19 08:25:30","1"
"81","定例会・課題整理.mp4","W59titbC__o?si=hIBoyjxwaPTt9KFw",,"0","2024-03-14","2024-06-19 08:25:30","1"
"82","定例会.mp4","b4C2Uoc0-ew?si=eE6tPql3ka0ygTIk",,"0","2024-03-27","2024-06-19 08:25:30","1"
"83","課題整理.mp4","3Egh0EP36l0?si=PiP3KjriGUBcDlqG",,"0","2024-03-28","2024-06-19 08:25:30","1"
"84","定例会&課題整理.mp4","HIMiE8bd5Ts?si=Utfr-gRrm5sG4FR5",,"0","2024-04-04","2024-06-19 08:25:30","1"
"85","定例会.mp4","mHtFRXMBF0o?si=I8n9tMbSWqy_9hlP",,"0","2024-04-17","2024-06-19 08:25:30","1"
"86","定例会.mp4","nr6j0k61yf8?si=bPNhoLTpL-TguZ5i",,"0","2024-04-24","2024-06-19 08:25:30","1"
"87","図番工程の確認.mp4","m4H3v3otg5U?si=pUoLT0m7EDdqoj7_",,"0","2024-04-29","2024-06-17 06:58:24","1"
"88","定例会.mp4","axrPTTLIPNs?si=VnsP2BjGEQZgsQmQ",,"0","2024-05-02","2024-08-05 23:21:33","1"
"89","定例会.mp4","glY2BaszkNk?si=d0ZH9bF3_AJwMNtK",,"0","2024-05-08","2024-06-17 06:58:24","1"
"90","定例会.mp4","T5aM0AOSSgw?si=hY3yxAIpTP1DS_Jz",,"0","2024-05-16","2024-06-17 06:58:24","1"
"91","課題整理と見積確認(3社).mp4","rGlyyFKk-Es?si=L5YBiBR8EzJznOVt",,"0","2024-05-22","2024-06-17 06:58:24","1"
"92","定例会.mp4","HUMHEjUMI8o?si=MwvKj3mFc1Mn2X_q",,"0","2024-05-28","2024-06-17 06:58:24","1"
"93","移行データシート項目説明.mp4","sToVnDabNw4?si=Qaco50--oALhj1HU","設変：現状は0固定","0","2024-06-03","2024-08-21 04:38:16","1"
"94","定例会・課題対応協議.mp4","VQX2ZzGcIiA?si=HMhS2O4-Fi7fXaIF",,"0","2024-06-06","2024-06-17 06:58:24","1"
"95","課題対応協議.mp4","79ABE58lKRw?si=fpRx0GYb9Dh2iXYP",,"0","2024-06-12","2024-06-20 03:33:08","1"
"97","課題対応三社協議","QHwPocigaVs?si=DMy9ATVO8uZuhhfm",,"0","2024-06-20","2024-06-20 09:25:10","1"
"98","UI設計ヒアリング「発注管理」","kvFjyvKz8uA?si=-0joqvUy1gZHdFOS",,"0","2021-11-17","2024-06-25 06:47:33","6"
"99","UI設計ヒアリング「発注管理・単価・為替・受入」","35jrAKCjfxo?si=_9zV3P25lSwlCr8N",,"0","2021-11-17","2024-06-25 07:09:49","6"
"101","UI設計ヒアリング「出荷管理」","jRdNxR0P7KU?si=GW-6MaBHCxnof2xd",,"0","2021-11-18","2024-06-25 07:18:22","6"
"102","UI設計ヒアリング「マスタ管理」","e-_CAwbytuQ?si=FkVTKjqWI9wznh15",,"0","2021-11-18","2024-06-25 07:19:40","6"
"103","UI設計ヒアリング「入港データ取込み」","IpvTrZExfoQ?si=Mfsq2LwSwXVd_OgW",,"0","2021-11-18","2024-06-25 07:20:50","6"
"104","UI設計ヒアリング「データ移行」","GxEvWST6E1Y?si=zFj4eZ-FcqM9hghY",,"0","2021-12-01","2024-06-25 07:21:38","6"
"105","UI設計ヒアリング「在庫管理」","aGOoGVmacg8?si=o5KxZlNKRoESoW5-",,"0","2021-12-03","2024-06-25 07:22:58","6"
"106","UI設計ヒアリング「在庫管理・資産管理」","bVBZtxaeGF4?si=jRYCuMWT2vg1tzQB",,"0","2021-12-03","2024-06-25 07:24:07","6"
"107","UI設計ヒアリング「支払通知・売上確定」","sVWczsiQ96M?si=gbVb6WR9NmirTm1x",,"0","2021-12-06","2024-06-25 07:24:58","6"
"108","UI設計ヒアリング「画像マスタ」 限定公開","26EFRDgz0rA?si=F2GV0iQN46LXDjvw",,"0","2021-12-07","2024-06-25 08:33:09","6"
"109","UI設計「受注・生産計画・手配」","sF3c7plBxnk?si=NjJFbtojYn_5MkRT",,"0","2021-12-13","2024-06-25 07:27:14","6"
"110","UI設計ヒアリング「発注管理」 限定公開","ZiVqOrlFsc8?si=Ba6V3kEOC3W-pUqY",,"0","2021-11-17","2024-06-25 07:42:33","6"
"111","定例会","BZydrfQo2II",,"0","2024-06-25","2024-08-05 23:22:18","1"
"112","データ移行１","92YPoOmxK9Y?si=PAPIUvTlicCTQcIY",,"0","2024-07-02","2024-07-02 04:15:04","8"
"113","データ移行２","MZm7b-Te7UY?si=v3Cel6L0gs1J7i7V",,"0","2024-07-02","2024-07-02 04:15:42","8"
"114","データ移行４","I3rlgoXGMwQ?si=nxKFd6PRo3cKh8ZI",,"0","2024-07-02","2024-07-02 04:16:12","8"
"115","7月Web業務連絡会","tQJQ4XGQJEo?si=nzWFOm4ZiWCwrn_s",,"1","2024-07-03","2024-08-05 07:32:59","9"
"116","会議録音","PJBTgPDtzEs","2024/08/05 消去しました。

音声小さいですね、、あと途中からノイズ入っています
次回はマイクを準備しましょう！","0","2024-07-12","2024-08-07 23:05:07","10"
"118","要求課題の運用確認","6zIXxMHXmK0",,"0","2024-07-22","2024-07-29 04:59:30","11"
"119","要求課題３社打合せ","ivBrA6lakUU",,"0","2024-07-22","2024-07-22 04:38:09","11"
"120","要求課題３社打合せ","Ax3etsW7rwY",,"0","2024-07-26","2024-07-25 23:08:50","11"
"121","要求課題 社内打合せ","M1HlPdSmIvg?si=ZH3XmwbVXBFz2nis",,"0","2024-07-22","2024-08-05 07:01:44","11"
"122","test","kEW6S_xz0Kk",,"1","2024-08-05","2024-08-05 09:28:54","11"
"123","test2","7TBRQakvvIA",,"1","2024-08-06","2024-08-06 03:12:36","11"
"124","test3","jfYr8tX_go0",,"1","2024-08-06","2024-08-06 03:12:43","11"
"125","test4","PBNPBjOvNRk",,"1","2024-08-06","2024-08-06 03:12:48","11"
"126","小集団 録音","FlqtSkeFyUg",,"0","2024-08-08","2024-08-07 23:03:31","10"
"127","要求課題３社打合せ","coADCyD9XL0",,"0","2024-07-30","2024-08-09 03:51:44","11"
"128","定例会","eZMkZL84pgQ",,"0","2024-08-01","2024-08-09 03:53:21","11"
"129","定例会","Vrlbcx8CIYU",,"0","2024-08-08","2024-08-09 03:54:47","11"
"130","アキオカ紹介動画","ssCIzFCRNHo","AKIOKA PR動画（日本語ナレーション）","1","2024-08-01","2024-09-16 02:48:37","10"
"131","定例会","yXBZSXJpq-g",,"0","2024-08-23","2024-09-17 02:04:45","11"
"132","OTEX打音検査","fBILaHX3xww",,"1","2024-09-12","2024-10-24 07:36:06","7"
"133","要求課題３社打合せ","OMNyucQypI8",,"0","2024-09-06","2024-09-17 02:13:16","11"
"134","定例会","Bf4YzV2BcUg",,"0","2024-09-11","2024-09-17 02:21:17","11"
"135","定例会","9688S6HfRwE",,"0","2024-09-18","2024-09-26 06:29:46","11"
"136","ヒアリング","PN500RQeCm8",,"0","2024-09-24","2024-09-26 06:30:59","11"
"137","定例会","wg7MZMtD72s",,"0","2024-09-27","2024-10-03 01:56:23","11"
"138","定例会","sGvgnOAhz3Q",,"0","2024-10-03","2024-10-07 05:15:56","11"
"139","小集団 録音","QJSfamAROgg",,"0","2024-10-10","2024-10-10 03:46:42","10"
"140","定例会（作業範囲の確定）","VRl_xBMLb1w",,"0","2024-10-08","2024-10-10 23:29:34","11"
"141","定例会","M7Z-ENrEJa0",,"0","2024-10-15","2024-10-21 00:57:05","11"
"160","OTEX打音検査動画","hj73-IdKUyk","打音検査の展示公開動画","0","2024-10-28","2024-10-28 03:36:49","12"
"187","課題確認","WDtyMPkcNWg","CS様の課題確認","0","2024-11-05","2024-11-18 00:33:35","11"
"198","新入社員教育動画","EFp2a-ouIOY","null","0","2024-12-06","2024-12-06 05:31:09","14"
"209","島根大学ジュニアドクター育成塾","uzXkT4Q9WoI","null","0","2024-12-24","2024-12-24 06:54:03","15"
"216","打音検査説明動画","i-6eVOw02TY","null","0","2024-12-25","2024-12-25 06:12:02","14"
"217","設計レビュー打合せ","fd0mILmDq5o","null","0","2025-01-10","2025-01-13 01:21:45","11"
"220","ReMacs定例会","6Ym03iQzafU","全体スケジュール","0","2025-01-08","2025-01-15 06:51:47","11"
"224","HP ProBook 650 G5(G4) 分解手順書","502MXXgULiI","null","0","2025-01-28","2025-01-28 17:04:22","16"
"227","ReMacs定例会_20250123","KmJER4v_lBo","null","0","2025-01-23","2025-01-30 12:32:24","11"
"228","20250212_ReMacs操作説明会①","MPxEAFQorvs","null","0","2025-02-12","2025-02-17 16:47:27","2"
"229","20250212_ReMacs操作説明会②","5s9aQbT3RK0","null","0","2025-02-12","2025-02-17 16:48:45","2"
"235","その他受注・国内仕入・IP実績","k55vt5_ur2w","null","0","2025-02-20","2025-03-24 13:57:35","2"
"237","20250219_操作説明会①_計画・指示・外注","yqDzT7qd1QE","null","0","2025-02-19","2025-03-24 14:16:18","2"
"238","20250225_130659_システム・IP作業実績","R7C9gtvumrg","null","0","2025-02-25","2025-03-24 14:29:52","2"
"239","20250228_130134_フィーダ生産計画","Vn2vBzo29hQ","未設定","0","2025-02-28","2025-03-24 14:34:16","2"
